State,Day 1,Day 2,Day 3,Day 4
6000,0.2165579,0.2142457175,0.2335127165,0.1865914147
6001,0.167844484,0.1785639236,0.1517460686,0.1498416533
6002,0.2441785785,0.2311164715,0.1911552587,0.0551098267
6003,0.0737776899,0.0845386824,0.0253950109,0.1031373607
6006,0.0863304185,0.1503085565,0.1682589111,0.1852535861
6007,0.2013843499,0.2117757267,0.2165180811,0.1711474829
6008,0.1212281846,0.1586825084,0.1509408043,0.2030329169
